{"cameraMode":{"drawMode":0,"name":"Shaded","section":"Shading Mode"},"sceneLighting":true,"audioPlay":false,"sceneViewState":{"m_AlwaysRefresh":false,"showFog":true,"showSkybox":true,"showFlares":true,"showImageEffects":true,"showParticleSystems":true,"showVisualEffectGraphs":true,"m_FxEnabled":true},"in2DMode":false,"pivot":{"x":-0.23859190940856934,"y":0.6365745067596436,"z":-1.8706231117248536},"rotation":{"x":-0.1176442801952362,"y":0.8400627374649048,"z":-0.20185063779354096,"w":-0.48961392045021059},"size":3.7676546573638918,"orthographic":false}